onset	duration	nwb_table	spatial_frequency	temporal_frequency	direction
445.0	60.0	epochs	0.04	1.0	90.0
535.0	60.0	epochs	0.04	2.0	180.0
626.0	59.0	epochs			
716.0	60.0	epochs	0.04	2.0	315.0
806.0	60.0	epochs	0.04	2.0	45.0
897.0	59.0	epochs	0.04	1.0	45.0
987.0	60.0	epochs	0.04	2.0	180.0
1077.0	60.0	epochs	0.04	1.0	225.0
1168.0	59.0	epochs	0.04	1.0	135.0
1258.0	60.0	epochs	0.04	1.0	90.0
1348.0	60.0	epochs	0.04	1.0	225.0
1438.0	60.0	epochs	0.04	2.0	45.0
1529.0	60.0	epochs	0.04	2.0	270.0
1619.0	60.0	epochs	0.04	1.0	225.0
1709.0	60.0	epochs	0.04	1.0	270.0
1800.0	59.0	epochs	0.04	1.0	225.0
1890.0	60.0	epochs	0.04	1.0	270.0
1980.0	60.0	epochs			
2071.0	59.0	epochs	0.04	2.0	180.0
2161.0	60.0	epochs	0.04	1.0	270.0
2251.0	60.0	epochs	0.04	1.0	45.0
2342.0	59.0	epochs	0.04	2.0	45.0
2432.0	60.0	epochs	0.04	1.0	315.0
2522.0	60.0	epochs	0.04	1.0	135.0
2613.0	59.0	epochs	0.04	2.0	0.0
2703.0	60.0	epochs	0.04	1.0	45.0
2793.0	60.0	epochs	0.04	2.0	180.0
2883.0	60.0	epochs	0.04	2.0	135.0
2974.0	59.0	epochs	0.04	1.0	180.0
3064.0	60.0	epochs	0.04	2.0	315.0
3154.0	60.0	epochs	0.04	2.0	90.0
3245.0	59.0	epochs	0.04	2.0	45.0
3335.0	60.0	epochs	0.04	1.0	225.0
3425.0	60.0	epochs	0.04	1.0	315.0
3516.0	59.0	epochs			
3606.0	60.0	epochs	0.04	1.0	90.0
3696.0	60.0	epochs	0.04	1.0	315.0
3787.0	59.0	epochs	0.04	2.0	225.0
3877.0	60.0	epochs			
3967.0	60.0	epochs	0.04	2.0	225.0
4057.0	60.0	epochs	0.04	2.0	0.0
4148.0	60.0	epochs	0.04	2.0	180.0
4238.0	60.0	epochs			
4328.0	60.0	epochs	0.04	2.0	90.0
4419.0	59.0	epochs	0.04	2.0	135.0
4509.0	60.0	epochs			
4599.0	60.0	epochs	0.04	2.0	180.0
4690.0	59.0	epochs			
4780.0	60.0	epochs			
4870.0	60.0	epochs	0.04	1.0	315.0
4961.0	59.0	epochs	0.04	2.0	90.0
5051.0	60.0	epochs	0.04	1.0	180.0
5141.0	60.0	epochs	0.04	1.0	90.0
5232.0	59.0	epochs	0.04	1.0	180.0
5322.0	60.0	epochs	0.04	1.0	270.0
5412.0	60.0	epochs	0.04	1.0	180.0
5502.0	60.0	epochs	0.04	2.0	135.0
5593.0	59.0	epochs	0.04	2.0	225.0
5683.0	60.0	epochs	0.04	2.0	270.0
5773.0	60.0	epochs	0.04	2.0	135.0
5864.0	59.0	epochs	0.04	1.0	0.0
5954.0	60.0	epochs	0.04	1.0	0.0
6044.0	60.0	epochs	0.04	2.0	45.0
6135.0	59.0	epochs	0.04	2.0	135.0
6225.0	60.0	epochs	0.04	1.0	135.0
6315.0	60.0	epochs	0.04	1.0	180.0
6406.0	59.0	epochs	0.04	2.0	180.0
6496.0	60.0	epochs	0.04	2.0	45.0
6586.0	60.0	epochs	0.04	1.0	90.0
6676.0	60.0	epochs	0.04	1.0	270.0
6767.0	59.0	epochs	0.04	1.0	0.0
6857.0	60.0	epochs	0.04	2.0	90.0
6947.0	60.0	epochs	0.04	2.0	315.0
7038.0	59.0	epochs	0.04	1.0	0.0
7128.0	60.0	epochs	0.04	2.0	315.0
7218.0	60.0	epochs			
7309.0	59.0	epochs	0.04	1.0	270.0
7399.0	60.0	epochs	0.04	2.0	270.0
7489.0	60.0	epochs	0.04	1.0	225.0
7580.0	59.0	epochs	0.04	2.0	315.0
7670.0	60.0	epochs	0.04	1.0	90.0
7760.0	60.0	epochs	0.04	1.0	315.0
7850.0	60.0	epochs	0.04	1.0	315.0
7941.0	59.0	epochs	0.04	2.0	225.0
8031.0	60.0	epochs	0.04	2.0	0.0
8121.0	60.0	epochs	0.04	2.0	0.0
8212.0	59.0	epochs	0.04	1.0	90.0
8302.0	60.0	epochs	0.04	1.0	45.0
8392.0	60.0	epochs	0.04	2.0	270.0
8483.0	59.0	epochs	0.04	1.0	0.0
8573.0	60.0	epochs	0.04	1.0	225.0
8663.0	60.0	epochs	0.04	2.0	270.0
8754.0	59.0	epochs	0.04	1.0	225.0
8844.0	60.0	epochs	0.04	2.0	0.0
8934.0	60.0	epochs	0.04	2.0	0.0
9025.0	59.0	epochs	0.04	1.0	135.0
9115.0	60.0	epochs	0.04	2.0	225.0
9205.0	60.0	epochs			
9295.0	60.0	epochs	0.04	1.0	45.0
9386.0	59.0	epochs	0.04	1.0	315.0
9476.0	60.0	epochs	0.04	1.0	180.0
9566.0	60.0	epochs	0.04	1.0	225.0
9657.0	59.0	epochs	0.04	2.0	90.0
9747.0	60.0	epochs	0.04	2.0	0.0
9837.0	60.0	epochs	0.04	1.0	0.0
9928.0	59.0	epochs	0.04	1.0	315.0
10018.0	60.0	epochs	0.04	2.0	90.0
10108.0	60.0	epochs	0.04	2.0	315.0
10199.0	59.0	epochs	0.04	2.0	270.0
10289.0	60.0	epochs	0.04	2.0	0.0
10379.0	60.0	epochs	0.04	1.0	45.0
10469.0	60.0	epochs	0.04	2.0	270.0
10560.0	59.0	epochs	0.04	1.0	0.0
10650.0	60.0	epochs	0.04	2.0	135.0
10740.0	60.0	epochs	0.04	2.0	180.0
10831.0	59.0	epochs	0.04	2.0	0.0
10921.0	60.0	epochs	0.04	2.0	135.0
11011.0	60.0	epochs	0.04	1.0	0.0
11102.0	59.0	epochs	0.04	1.0	90.0
11192.0	60.0	epochs	0.04	2.0	315.0
11282.0	60.0	epochs	0.04	2.0	270.0
11373.0	59.0	epochs	0.04	1.0	90.0
11463.0	60.0	epochs	0.04	1.0	315.0
11553.0	60.0	epochs	0.04	1.0	180.0
11643.0	60.0	epochs	0.04	2.0	90.0
11734.0	59.0	epochs	0.04	2.0	90.0
11824.0	60.0	epochs	0.04	2.0	315.0
11914.0	60.0	epochs	0.04	2.0	90.0
12005.0	59.0	epochs	0.04	1.0	315.0
12095.0	60.0	epochs	0.04	2.0	0.0
12185.0	60.0	epochs	0.04	1.0	90.0
12276.0	59.0	epochs	0.04	1.0	315.0
12366.0	60.0	epochs	0.04	2.0	135.0
12456.0	60.0	epochs	0.04	2.0	45.0
12547.0	59.0	epochs	0.04	1.0	225.0
12637.0	60.0	epochs	0.04	2.0	225.0
12727.0	60.0	epochs	0.04	1.0	180.0
12817.0	60.0	epochs	0.04	2.0	90.0
12908.0	59.0	epochs	0.04	1.0	0.0
12998.0	60.0	epochs	0.04	2.0	270.0
13088.0	60.0	epochs	0.04	2.0	90.0
13179.0	59.0	epochs	0.04	1.0	180.0
13269.0	60.0	epochs			
13359.0	60.0	epochs	0.04	2.0	225.0
13450.0	59.0	epochs	0.04	1.0	270.0
13540.0	60.0	epochs	0.04	2.0	0.0
13630.0	60.0	epochs	0.04	1.0	135.0
13721.0	59.0	epochs	0.04	1.0	225.0
13811.0	60.0	epochs			
13901.0	60.0	epochs	0.04	1.0	270.0
13991.0	60.0	epochs	0.04	2.0	135.0
14082.0	59.0	epochs	0.04	1.0	0.0
14172.0	60.0	epochs	0.04	2.0	270.0
14262.0	60.0	epochs	0.04	2.0	270.0
14353.0	59.0	epochs	0.04	1.0	0.0
14443.0	60.0	epochs	0.04	2.0	45.0
14533.0	60.0	epochs	0.04	1.0	45.0
14624.0	59.0	epochs	0.04	2.0	0.0
14714.0	60.0	epochs	0.04	1.0	270.0
14804.0	60.0	epochs	0.04	1.0	45.0
14895.0	59.0	epochs	0.04	2.0	0.0
14985.0	60.0	epochs	0.04	2.0	135.0
15075.0	60.0	epochs	0.04	2.0	180.0
15165.0	60.0	epochs	0.04	1.0	135.0
15256.0	60.0	epochs	0.04	1.0	315.0
15346.0	60.0	epochs			
15436.0	60.0	epochs	0.04	1.0	45.0
15527.0	59.0	epochs	0.04	2.0	45.0
15617.0	60.0	epochs	0.04	2.0	135.0
15707.0	60.0	epochs	0.04	1.0	45.0
15798.0	59.0	epochs			
15888.0	60.0	epochs	0.04	2.0	45.0
15978.0	60.0	epochs	0.04	2.0	270.0
16069.0	59.0	epochs	0.04	1.0	315.0
16159.0	60.0	epochs	0.04	1.0	0.0
16249.0	60.0	epochs	0.04	1.0	270.0
16340.0	59.0	epochs	0.04	1.0	45.0
16430.0	60.0	epochs	0.04	2.0	180.0
16520.0	60.0	epochs	0.04	2.0	315.0
16610.0	60.0	epochs	0.04	2.0	270.0
16701.0	59.0	epochs	0.04	1.0	0.0
16791.0	60.0	epochs	0.04	2.0	90.0
16881.0	60.0	epochs	0.04	2.0	270.0
16972.0	59.0	epochs	0.04	1.0	315.0
17062.0	60.0	epochs	0.04	2.0	180.0
17152.0	60.0	epochs	0.04	2.0	0.0
17243.0	59.0	epochs	0.04	1.0	90.0
17333.0	60.0	epochs	0.04	1.0	315.0
17423.0	60.0	epochs	0.04	1.0	225.0
17514.0	59.0	epochs	0.04	1.0	180.0
17604.0	60.0	epochs	0.04	2.0	135.0
17694.0	60.0	epochs	0.04	2.0	225.0
17784.0	60.0	epochs	0.04	2.0	90.0
17875.0	59.0	epochs	0.04	2.0	45.0
17965.0	60.0	epochs	0.04	1.0	90.0
18055.0	60.0	epochs	0.04	1.0	315.0
18146.0	59.0	epochs	0.04	1.0	0.0
18236.0	60.0	epochs	0.04	2.0	45.0
18326.0	60.0	epochs	0.04	2.0	0.0
18417.0	59.0	epochs	0.04	1.0	225.0
18507.0	60.0	epochs	0.04	1.0	135.0
18597.0	60.0	epochs	0.04	1.0	225.0
18688.0	59.0	epochs			
18778.0	60.0	epochs	0.04	2.0	180.0
18868.0	60.0	epochs	0.04	2.0	315.0
18958.0	60.0	epochs	0.04	2.0	0.0
19049.0	59.0	epochs	0.04	2.0	180.0
19139.0	60.0	epochs	0.04	1.0	135.0
19229.0	60.0	epochs	0.04	2.0	180.0
19320.0	59.0	epochs	0.04	1.0	90.0
19410.0	60.0	epochs	0.04	1.0	315.0
19500.0	60.0	epochs	0.04	1.0	0.0
19591.0	59.0	epochs	0.04	1.0	45.0
19681.0	60.0	epochs	0.04	1.0	135.0
19771.0	60.0	epochs	0.04	2.0	315.0
19862.0	59.0	epochs	0.04	1.0	135.0
19952.0	60.0	epochs	0.04	1.0	315.0
20042.0	60.0	epochs	0.04	2.0	315.0
20132.0	60.0	epochs	0.04	1.0	0.0
20223.0	59.0	epochs	0.04	1.0	90.0
20313.0	60.0	epochs	0.04	2.0	180.0
20403.0	60.0	epochs	0.04	1.0	315.0
20494.0	59.0	epochs	0.04	1.0	135.0
20584.0	60.0	epochs	0.04	2.0	180.0
20674.0	60.0	epochs	0.04	2.0	135.0
20765.0	59.0	epochs	0.04	2.0	315.0
20855.0	60.0	epochs	0.04	2.0	90.0
20945.0	60.0	epochs	0.04	2.0	135.0
21036.0	59.0	epochs	0.04	1.0	180.0
21126.0	60.0	epochs	0.04	1.0	315.0
21216.0	60.0	epochs	0.04	1.0	270.0
21306.0	60.0	epochs	0.04	1.0	315.0
21397.0	59.0	epochs	0.04	1.0	270.0
21487.0	60.0	epochs	0.04	2.0	45.0
21577.0	60.0	epochs	0.04	2.0	270.0
21668.0	59.0	epochs	0.04	1.0	0.0
21758.0	60.0	epochs	0.04	1.0	135.0
21848.0	60.0	epochs	0.04	2.0	180.0
21939.0	59.0	epochs	0.04	2.0	0.0
22029.0	60.0	epochs	0.04	1.0	135.0
22119.0	60.0	epochs	0.04	2.0	0.0
22210.0	59.0	epochs	0.04	2.0	225.0
22300.0	60.0	epochs	0.04	1.0	45.0
22390.0	60.0	epochs	0.04	1.0	45.0
22480.0	60.0	epochs	0.04	2.0	270.0
22571.0	59.0	epochs			
22661.0	60.0	epochs	0.04	1.0	0.0
22751.0	60.0	epochs	0.04	1.0	315.0
22842.0	59.0	epochs	0.04	1.0	135.0
22932.0	60.0	epochs	0.04	1.0	45.0
23022.0	60.0	epochs	0.04	1.0	270.0
23113.0	59.0	epochs	0.04	2.0	315.0
23203.0	60.0	epochs	0.04	2.0	90.0
23293.0	60.0	epochs	0.04	2.0	270.0
23384.0	59.0	epochs	0.04	2.0	225.0
23474.0	60.0	epochs			
23564.0	60.0	epochs	0.04	1.0	225.0
23654.0	60.0	epochs	0.04	1.0	135.0
23745.0	60.0	epochs	0.04	1.0	135.0
23835.0	60.0	epochs	0.04	1.0	0.0
23925.0	60.0	epochs	0.04	2.0	45.0
24016.0	59.0	epochs	0.04	1.0	270.0
24106.0	60.0	epochs	0.04	1.0	270.0
24196.0	60.0	epochs	0.04	1.0	0.0
24287.0	59.0	epochs	0.04	1.0	135.0
24377.0	60.0	epochs	0.04	1.0	135.0
24467.0	60.0	epochs	0.04	1.0	45.0
24558.0	59.0	epochs	0.04	2.0	270.0
24648.0	60.0	epochs	0.04	2.0	315.0
24738.0	60.0	epochs	0.04	1.0	135.0
24828.0	60.0	epochs	0.04	1.0	135.0
24919.0	60.0	epochs	0.04	2.0	135.0
25009.0	60.0	epochs	0.04	2.0	270.0
25099.0	60.0	epochs	0.04	2.0	45.0
25190.0	59.0	epochs	0.04	1.0	180.0
25280.0	60.0	epochs	0.04	1.0	0.0
25370.0	60.0	epochs	0.04	2.0	90.0
25461.0	59.0	epochs	0.04	2.0	90.0
25551.0	60.0	epochs	0.04	1.0	225.0
25641.0	60.0	epochs	0.04	2.0	180.0
25732.0	59.0	epochs	0.04	2.0	90.0
25822.0	60.0	epochs	0.04	1.0	0.0
25912.0	60.0	epochs	0.04	1.0	135.0
26002.0	60.0	epochs	0.04	1.0	315.0
26093.0	60.0	epochs	0.04	1.0	180.0
26183.0	60.0	epochs	0.04	1.0	0.0
26273.0	60.0	epochs	0.04	2.0	180.0
26364.0	59.0	epochs	0.04	1.0	225.0
26454.0	60.0	epochs	0.04	2.0	0.0
26544.0	60.0	epochs	0.04	2.0	180.0
26635.0	59.0	epochs	0.04	1.0	45.0
26725.0	60.0	epochs	0.04	1.0	90.0
26815.0	60.0	epochs	0.04	2.0	225.0
26906.0	59.0	epochs	0.04	1.0	45.0
26996.0	60.0	epochs	0.04	2.0	315.0
27086.0	60.0	epochs	0.04	1.0	225.0
27177.0	59.0	epochs	0.04	1.0	45.0
27267.0	60.0	epochs	0.04	1.0	0.0
27357.0	60.0	epochs	0.04	1.0	225.0
27447.0	60.0	epochs	0.04	1.0	225.0
27538.0	59.0	epochs	0.04	1.0	0.0
27628.0	60.0	epochs	0.04	1.0	45.0
27718.0	60.0	epochs	0.04	1.0	135.0
27809.0	59.0	epochs	0.04	1.0	180.0
27899.0	60.0	epochs	0.04	2.0	45.0
27989.0	60.0	epochs	0.04	2.0	225.0
28080.0	59.0	epochs	0.04	1.0	135.0
28170.0	60.0	epochs	0.04	1.0	270.0
28260.0	60.0	epochs	0.04	1.0	135.0
28351.0	59.0	epochs	0.04	1.0	315.0
28441.0	60.0	epochs	0.04	2.0	315.0
28531.0	60.0	epochs	0.04	1.0	45.0
28621.0	60.0	epochs	0.04	2.0	135.0
28712.0	59.0	epochs	0.04	2.0	315.0
28802.0	60.0	epochs	0.04	2.0	315.0
28892.0	60.0	epochs	0.04	1.0	180.0
28983.0	59.0	epochs	0.04	2.0	0.0
29073.0	60.0	epochs	0.04	1.0	270.0
29163.0	60.0	epochs	0.04	1.0	270.0
29254.0	59.0	epochs	0.04	1.0	315.0
29344.0	60.0	epochs	0.04	1.0	225.0
29434.0	60.0	epochs	0.04	1.0	315.0
29525.0	59.0	epochs	0.04	2.0	45.0
29615.0	60.0	epochs	0.04	2.0	90.0
29705.0	60.0	epochs	0.04	1.0	225.0
29795.0	60.0	epochs	0.04	1.0	270.0
29886.0	59.0	epochs	0.04	2.0	0.0
29976.0	60.0	epochs	0.04	1.0	180.0
30066.0	60.0	epochs	0.04	2.0	0.0
30157.0	59.0	epochs	0.04	2.0	135.0
30247.0	60.0	epochs	0.04	1.0	225.0
30337.0	60.0	epochs	0.04	1.0	225.0
30428.0	59.0	epochs	0.04	1.0	270.0
30518.0	60.0	epochs	0.04	1.0	45.0
30608.0	60.0	epochs	0.04	1.0	225.0
30699.0	59.0	epochs	0.04	2.0	225.0
30789.0	60.0	epochs	0.04	1.0	45.0
30879.0	60.0	epochs	0.04	2.0	0.0
30969.0	60.0	epochs	0.04	2.0	90.0
31060.0	59.0	epochs	0.04	2.0	180.0
31150.0	60.0	epochs	0.04	2.0	180.0
31240.0	60.0	epochs	0.04	2.0	315.0
31331.0	59.0	epochs	0.04	1.0	45.0
31421.0	60.0	epochs	0.04	1.0	180.0
31511.0	60.0	epochs	0.04	1.0	0.0
31602.0	59.0	epochs			
31692.0	60.0	epochs			
31782.0	60.0	epochs	0.04	2.0	90.0
31873.0	59.0	epochs	0.04	2.0	315.0
31963.0	60.0	epochs	0.04	1.0	90.0
32053.0	60.0	epochs	0.04	1.0	45.0
32143.0	60.0	epochs	0.04	2.0	0.0
32234.0	59.0	epochs	0.04	1.0	135.0
32324.0	60.0	epochs	0.04	2.0	135.0
32414.0	60.0	epochs	0.04	1.0	225.0
32505.0	59.0	epochs	0.04	2.0	135.0
32595.0	60.0	epochs	0.04	1.0	180.0
32685.0	60.0	epochs	0.04	2.0	0.0
32776.0	59.0	epochs	0.04	1.0	90.0
32866.0	60.0	epochs	0.04	1.0	180.0
32956.0	60.0	epochs	0.04	1.0	180.0
33047.0	59.0	epochs	0.04	1.0	315.0
33137.0	60.0	epochs	0.04	1.0	135.0
33227.0	60.0	epochs	0.04	2.0	135.0
33317.0	60.0	epochs	0.04	1.0	180.0
33408.0	59.0	epochs			
33498.0	60.0	epochs	0.04	1.0	90.0
33588.0	60.0	epochs	0.04	1.0	225.0
33679.0	59.0	epochs	0.04	2.0	180.0
33769.0	60.0	epochs	0.04	1.0	270.0
33859.0	60.0	epochs	0.04	2.0	270.0
33950.0	59.0	epochs	0.04	2.0	270.0
34040.0	60.0	epochs	0.04	1.0	45.0
34130.0	60.0	epochs	0.04	1.0	180.0
34221.0	59.0	epochs	0.04	2.0	45.0
34311.0	60.0	epochs	0.04	2.0	270.0
34401.0	60.0	epochs	0.04	1.0	90.0
34491.0	60.0	epochs	0.04	1.0	45.0
34582.0	59.0	epochs	0.04	2.0	90.0
34672.0	60.0	epochs	0.04	1.0	90.0
34762.0	60.0	epochs	0.04	1.0	315.0
34853.0	59.0	epochs	0.04	1.0	270.0
34943.0	60.0	epochs	0.04	1.0	135.0
35033.0	60.0	epochs	0.04	1.0	135.0
35124.0	59.0	epochs	0.04	2.0	45.0
35214.0	60.0	epochs	0.04	2.0	135.0
35304.0	60.0	epochs	0.04	1.0	180.0
35395.0	59.0	epochs	0.04	2.0	90.0
35485.0	60.0	epochs	0.04	1.0	90.0
35575.0	60.0	epochs	0.04	2.0	180.0
35665.0	60.0	epochs	0.04	2.0	90.0
35756.0	59.0	epochs	0.04	2.0	225.0
35846.0	60.0	epochs	0.04	2.0	0.0
35936.0	60.0	epochs	0.04	1.0	315.0
36027.0	59.0	epochs	0.04	1.0	90.0
36117.0	60.0	epochs	0.04	1.0	270.0
36207.0	60.0	epochs	0.04	2.0	45.0
36298.0	59.0	epochs	0.04	1.0	270.0
36388.0	60.0	epochs	0.04	2.0	135.0
36478.0	60.0	epochs	0.04	2.0	270.0
36569.0	59.0	epochs	0.04	2.0	90.0
36659.0	60.0	epochs			
36749.0	60.0	epochs	0.04	2.0	270.0
36839.0	60.0	epochs	0.04	1.0	90.0
36930.0	59.0	epochs	0.04	1.0	315.0
37020.0	60.0	epochs	0.04	2.0	315.0
37110.0	60.0	epochs			
37201.0	59.0	epochs			
37291.0	60.0	epochs	0.04	1.0	315.0
37381.0	60.0	epochs	0.04	1.0	180.0
37472.0	59.0	epochs	0.04	2.0	225.0
37562.0	60.0	epochs	0.04	1.0	315.0
37652.0	60.0	epochs			
37743.0	59.0	epochs			
37833.0	60.0	epochs	0.04	1.0	135.0
37923.0	60.0	epochs	0.04	1.0	270.0
38013.0	60.0	epochs	0.04	2.0	315.0
38104.0	59.0	epochs	0.04	2.0	270.0
38194.0	60.0	epochs	0.04	1.0	135.0
38284.0	60.0	epochs	0.04	2.0	135.0
38375.0	59.0	epochs	0.04	1.0	225.0
38465.0	60.0	epochs	0.04	1.0	180.0
38555.0	60.0	epochs	0.04	1.0	135.0
38646.0	59.0	epochs	0.04	1.0	225.0
38736.0	60.0	epochs	0.04	1.0	225.0
38826.0	60.0	epochs	0.04	1.0	225.0
38917.0	59.0	epochs	0.04	1.0	180.0
39007.0	60.0	epochs	0.04	2.0	45.0
39097.0	60.0	epochs	0.04	2.0	135.0
39187.0	60.0	epochs	0.04	2.0	225.0
39278.0	59.0	epochs	0.04	2.0	45.0
39368.0	60.0	epochs	0.04	2.0	315.0
39458.0	60.0	epochs	0.04	2.0	45.0
39549.0	59.0	epochs	0.04	2.0	0.0
39639.0	60.0	epochs	0.04	2.0	180.0
39729.0	60.0	epochs	0.04	2.0	180.0
39820.0	59.0	epochs	0.04	1.0	90.0
39910.0	60.0	epochs	0.04	1.0	225.0
40000.0	60.0	epochs	0.04	1.0	45.0
40091.0	59.0	epochs	0.04	1.0	90.0
40181.0	60.0	epochs			
40271.0	60.0	epochs	0.04	2.0	90.0
40361.0	60.0	epochs	0.04	2.0	45.0
40452.0	59.0	epochs	0.04	1.0	90.0
40542.0	60.0	epochs	0.04	2.0	180.0
40632.0	60.0	epochs	0.04	1.0	225.0
40723.0	59.0	epochs	0.04	2.0	180.0
40813.0	60.0	epochs	0.04	1.0	315.0
40903.0	60.0	epochs	0.04	2.0	180.0
40994.0	59.0	epochs	0.04	2.0	0.0
41084.0	60.0	epochs	0.04	2.0	315.0
41174.0	60.0	epochs	0.04	1.0	135.0
41264.0	60.0	epochs	0.04	1.0	270.0
41355.0	60.0	epochs	0.04	1.0	270.0
41445.0	60.0	epochs	0.04	2.0	180.0
41535.0	60.0	epochs	0.04	1.0	225.0
41626.0	59.0	epochs			
41716.0	60.0	epochs	0.04	1.0	135.0
41806.0	60.0	epochs	0.04	1.0	135.0
41897.0	59.0	epochs	0.04	1.0	180.0
41987.0	60.0	epochs	0.04	1.0	225.0
42077.0	60.0	epochs	0.04	2.0	270.0
42168.0	59.0	epochs	0.04	2.0	225.0
42258.0	60.0	epochs	0.04	2.0	225.0
42348.0	60.0	epochs	0.04	2.0	45.0
42438.0	60.0	epochs	0.04	2.0	315.0
42529.0	60.0	epochs	0.04	1.0	90.0
42619.0	60.0	epochs	0.04	2.0	0.0
42709.0	60.0	epochs	0.04	2.0	270.0
42800.0	59.0	epochs	0.04	1.0	270.0
42890.0	60.0	epochs	0.04	1.0	315.0
42980.0	60.0	epochs	0.04	1.0	45.0
43071.0	59.0	epochs	0.04	2.0	270.0
43161.0	60.0	epochs	0.04	1.0	180.0
43251.0	60.0	epochs	0.04	2.0	0.0
43342.0	59.0	epochs	0.04	2.0	0.0
43432.0	60.0	epochs	0.04	1.0	270.0
43522.0	60.0	epochs			
43612.0	60.0	epochs	0.04	1.0	45.0
43703.0	59.0	epochs	0.04	1.0	180.0
43793.0	60.0	epochs	0.04	2.0	45.0
43883.0	60.0	epochs	0.04	2.0	0.0
43974.0	59.0	epochs	0.04	2.0	270.0
44064.0	60.0	epochs	0.04	2.0	270.0
44154.0	60.0	epochs	0.04	1.0	0.0
44245.0	59.0	epochs	0.04	1.0	270.0
44335.0	60.0	epochs	0.04	2.0	90.0
44425.0	60.0	epochs	0.04	1.0	225.0
44516.0	59.0	epochs	0.04	1.0	45.0
44606.0	60.0	epochs	0.04	2.0	135.0
44696.0	60.0	epochs			
44786.0	60.0	epochs	0.04	1.0	270.0
44877.0	59.0	epochs	0.04	1.0	315.0
44967.0	60.0	epochs	0.04	1.0	315.0
45057.0	60.0	epochs	0.04	1.0	135.0
45148.0	59.0	epochs	0.04	2.0	225.0
45238.0	60.0	epochs	0.04	2.0	225.0
45328.0	60.0	epochs	0.04	2.0	135.0
45419.0	59.0	epochs	0.04	1.0	225.0
45509.0	60.0	epochs	0.04	1.0	180.0
45599.0	60.0	epochs	0.04	2.0	225.0
45690.0	59.0	epochs	0.04	1.0	315.0
45780.0	60.0	epochs	0.04	1.0	0.0
45870.0	60.0	epochs			
45960.0	60.0	epochs	0.04	1.0	270.0
46051.0	59.0	epochs	0.04	1.0	90.0
46141.0	60.0	epochs	0.04	2.0	0.0
46231.0	60.0	epochs	0.04	1.0	0.0
46322.0	59.0	epochs	0.04	2.0	90.0
46412.0	60.0	epochs	0.04	1.0	90.0
46502.0	60.0	epochs	0.04	2.0	135.0
46593.0	59.0	epochs	0.04	2.0	225.0
46683.0	60.0	epochs	0.04	2.0	225.0
46773.0	60.0	epochs	0.04	2.0	45.0
46864.0	59.0	epochs	0.04	1.0	315.0
46954.0	60.0	epochs	0.04	2.0	270.0
47044.0	60.0	epochs	0.04	2.0	45.0
47134.0	60.0	epochs	0.04	1.0	225.0
47225.0	59.0	epochs	0.04	1.0	270.0
47315.0	60.0	epochs	0.04	1.0	0.0
47405.0	60.0	epochs	0.04	2.0	225.0
47496.0	59.0	epochs	0.04	1.0	180.0
47586.0	60.0	epochs	0.04	1.0	0.0
47676.0	60.0	epochs	0.04	1.0	135.0
47767.0	59.0	epochs	0.04	2.0	270.0
47857.0	60.0	epochs	0.04	1.0	180.0
47947.0	60.0	epochs	0.04	2.0	135.0
48038.0	59.0	epochs			
48128.0	60.0	epochs	0.04	2.0	315.0
48218.0	60.0	epochs	0.04	2.0	270.0
48308.0	60.0	epochs	0.04	2.0	225.0
48399.0	59.0	epochs	0.04	2.0	225.0
48489.0	60.0	epochs	0.04	1.0	90.0
48579.0	60.0	epochs	0.04	1.0	135.0
48670.0	59.0	epochs			
48760.0	60.0	epochs	0.04	1.0	180.0
48850.0	60.0	epochs	0.04	1.0	270.0
48941.0	59.0	epochs	0.04	2.0	315.0
49031.0	60.0	epochs	0.04	1.0	225.0
49121.0	60.0	epochs	0.04	2.0	135.0
49212.0	59.0	epochs	0.04	2.0	270.0
49302.0	60.0	epochs	0.04	1.0	180.0
49392.0	60.0	epochs	0.04	2.0	225.0
49482.0	60.0	epochs	0.04	1.0	135.0
49573.0	59.0	epochs	0.04	1.0	0.0
49663.0	60.0	epochs	0.04	1.0	45.0
49753.0	60.0	epochs	0.04	1.0	270.0
49844.0	59.0	epochs	0.04	1.0	90.0
49934.0	60.0	epochs	0.04	2.0	270.0
50024.0	60.0	epochs	0.04	2.0	270.0
50115.0	59.0	epochs	0.04	1.0	0.0
50205.0	60.0	epochs	0.04	1.0	270.0
50295.0	60.0	epochs			
50385.0	60.0	epochs	0.04	1.0	180.0
50476.0	60.0	epochs	0.04	2.0	225.0
50566.0	60.0	epochs	0.04	2.0	0.0
50656.0	60.0	epochs	0.04	2.0	0.0
50747.0	59.0	epochs	0.04	2.0	90.0
50837.0	60.0	epochs	0.04	2.0	0.0
50927.0	60.0	epochs	0.04	2.0	315.0
51018.0	59.0	epochs	0.04	2.0	45.0
51108.0	60.0	epochs	0.04	1.0	315.0
51198.0	60.0	epochs	0.04	1.0	135.0
51289.0	59.0	epochs			
51379.0	60.0	epochs	0.04	2.0	180.0
51469.0	60.0	epochs	0.04	1.0	180.0
51559.0	60.0	epochs	0.04	2.0	90.0
51650.0	59.0	epochs	0.04	1.0	180.0
51740.0	60.0	epochs	0.04	2.0	0.0
51830.0	60.0	epochs	0.04	1.0	270.0
51921.0	59.0	epochs	0.04	1.0	315.0
52011.0	60.0	epochs	0.04	2.0	180.0
52101.0	60.0	epochs	0.04	1.0	315.0
52192.0	59.0	epochs	0.04	1.0	225.0
52282.0	60.0	epochs	0.04	2.0	45.0
52372.0	60.0	epochs	0.04	2.0	270.0
52463.0	59.0	epochs	0.04	2.0	225.0
52553.0	60.0	epochs	0.04	2.0	90.0
52643.0	60.0	epochs	0.04	1.0	315.0
52733.0	60.0	epochs	0.04	1.0	0.0
52824.0	59.0	epochs			
52914.0	60.0	epochs	0.04	2.0	45.0
53004.0	60.0	epochs	0.04	2.0	180.0
53095.0	59.0	epochs	0.04	2.0	135.0
53185.0	60.0	epochs	0.04	1.0	270.0
53275.0	60.0	epochs	0.04	2.0	315.0
53366.0	59.0	epochs	0.04	1.0	270.0
53456.0	60.0	epochs	0.04	2.0	180.0
53546.0	60.0	epochs	0.04	2.0	315.0
53637.0	59.0	epochs	0.04	2.0	135.0
53727.0	60.0	epochs	0.04	1.0	225.0
53817.0	60.0	epochs	0.04	1.0	180.0
53907.0	60.0	epochs	0.04	1.0	45.0
53998.0	59.0	epochs	0.04	2.0	135.0
54088.0	60.0	epochs	0.04	2.0	0.0
54178.0	60.0	epochs	0.04	2.0	0.0
54269.0	59.0	epochs	0.04	2.0	315.0
54359.0	60.0	epochs	0.04	1.0	225.0
54449.0	60.0	epochs	0.04	2.0	0.0
54540.0	59.0	epochs	0.04	1.0	225.0
54630.0	60.0	epochs	0.04	1.0	0.0
54720.0	60.0	epochs	0.04	1.0	180.0
54811.0	59.0	epochs	0.04	1.0	180.0
54901.0	60.0	epochs	0.04	1.0	270.0
54991.0	60.0	epochs	0.04	1.0	0.0
55081.0	60.0	epochs	0.04	1.0	45.0
55172.0	59.0	epochs	0.04	2.0	180.0
55262.0	60.0	epochs	0.04	1.0	45.0
55352.0	60.0	epochs	0.04	2.0	135.0
55443.0	59.0	epochs	0.04	1.0	225.0
55533.0	60.0	epochs	0.04	1.0	90.0
55623.0	60.0	epochs	0.04	1.0	90.0
55714.0	59.0	epochs	0.04	1.0	90.0
55804.0	60.0	epochs	0.04	1.0	135.0
55894.0	60.0	epochs	0.04	1.0	45.0
55984.0	60.0	epochs	0.04	2.0	315.0
56075.0	60.0	epochs	0.04	2.0	0.0
56165.0	60.0	epochs	0.04	2.0	90.0
56255.0	60.0	epochs	0.04	1.0	90.0
56346.0	59.0	epochs	0.04	2.0	90.0
56436.0	60.0	epochs	0.04	1.0	0.0
56526.0	60.0	epochs	0.04	1.0	225.0
56617.0	59.0	epochs	0.04	2.0	315.0
56707.0	60.0	epochs	0.04	1.0	225.0
56797.0	60.0	epochs	0.04	1.0	90.0
56888.0	59.0	epochs	0.04	2.0	180.0
56978.0	60.0	epochs	0.04	1.0	180.0
57068.0	60.0	epochs	0.04	2.0	315.0
57158.0	60.0	epochs	0.04	2.0	135.0
57249.0	59.0	epochs	0.04	2.0	45.0
57339.0	60.0	epochs	0.04	1.0	135.0
57429.0	60.0	epochs	0.04	2.0	90.0
57520.0	59.0	epochs	0.04	2.0	0.0
57610.0	60.0	epochs	0.04	2.0	0.0
57700.0	60.0	epochs	0.04	1.0	315.0
57791.0	59.0	epochs	0.04	1.0	315.0
57881.0	60.0	epochs	0.04	1.0	0.0
57971.0	60.0	epochs	0.04	1.0	90.0
58062.0	59.0	epochs	0.04	1.0	270.0
58152.0	60.0	epochs	0.04	1.0	225.0
58242.0	60.0	epochs	0.04	2.0	270.0
58332.0	60.0	epochs	0.04	2.0	0.0
58423.0	59.0	epochs	0.04	1.0	45.0
58513.0	60.0	epochs	0.04	2.0	225.0
58603.0	60.0	epochs	0.04	2.0	270.0
58694.0	59.0	epochs	0.04	1.0	45.0
58784.0	60.0	epochs	0.04	2.0	180.0
58874.0	60.0	epochs	0.04	2.0	315.0
58965.0	59.0	epochs	0.04	1.0	45.0
59055.0	60.0	epochs	0.04	2.0	180.0
59145.0	60.0	epochs	0.04	2.0	225.0
59236.0	59.0	epochs	0.04	2.0	135.0
59326.0	60.0	epochs	0.04	1.0	90.0
59416.0	60.0	epochs	0.04	1.0	180.0
59506.0	60.0	epochs	0.04	1.0	225.0
59597.0	59.0	epochs	0.04	2.0	135.0
59687.0	60.0	epochs	0.04	2.0	225.0
59777.0	60.0	epochs	0.04	1.0	135.0
59868.0	59.0	epochs	0.04	2.0	45.0
59958.0	60.0	epochs	0.04	2.0	45.0
60048.0	60.0	epochs	0.04	2.0	270.0
60139.0	59.0	epochs	0.04	2.0	270.0
60229.0	60.0	epochs	0.04	2.0	225.0
60319.0	60.0	epochs	0.04	1.0	270.0
60409.0	60.0	epochs	0.04	2.0	90.0
60500.0	59.0	epochs	0.04	1.0	45.0
60590.0	60.0	epochs	0.04	2.0	225.0
60680.0	60.0	epochs	0.04	1.0	0.0
60771.0	59.0	epochs	0.04	2.0	45.0
60861.0	60.0	epochs	0.04	2.0	0.0
60951.0	60.0	epochs	0.04	1.0	135.0
61042.0	59.0	epochs	0.04	2.0	45.0
61132.0	60.0	epochs	0.04	2.0	135.0
61222.0	60.0	epochs	0.04	1.0	315.0
61313.0	59.0	epochs	0.04	1.0	315.0
61403.0	60.0	epochs	0.04	2.0	225.0
61493.0	60.0	epochs	0.04	2.0	180.0
61583.0	60.0	epochs	0.04	2.0	180.0
61674.0	59.0	epochs	0.04	1.0	135.0
61764.0	60.0	epochs			
61854.0	60.0	epochs			
61945.0	59.0	epochs	0.04	1.0	90.0
62035.0	60.0	epochs	0.04	1.0	45.0
62125.0	60.0	epochs	0.04	1.0	90.0
62216.0	59.0	epochs	0.04	1.0	45.0
62306.0	60.0	epochs	0.04	1.0	180.0
62396.0	60.0	epochs	0.04	2.0	315.0
62487.0	59.0	epochs	0.04	2.0	45.0
62577.0	60.0	epochs	0.04	2.0	135.0
62667.0	60.0	epochs	0.04	2.0	135.0
62757.0	60.0	epochs	0.04	2.0	45.0
62848.0	59.0	epochs	0.04	2.0	225.0
62938.0	60.0	epochs	0.04	2.0	315.0
63028.0	60.0	epochs	0.04	1.0	45.0
63119.0	59.0	epochs	0.04	1.0	90.0
63209.0	60.0	epochs	0.04	1.0	90.0
63299.0	60.0	epochs	0.04	2.0	135.0
63390.0	59.0	epochs	0.04	1.0	0.0
63480.0	60.0	epochs	0.04	1.0	0.0
63570.0	60.0	epochs	0.04	2.0	180.0
63660.0	60.0	epochs	0.04	2.0	0.0
63751.0	60.0	epochs	0.04	2.0	90.0
63841.0	60.0	epochs	0.04	1.0	135.0
63931.0	60.0	epochs	0.04	1.0	45.0
64022.0	59.0	epochs	0.04	2.0	45.0
64112.0	60.0	epochs	0.04	2.0	45.0
64202.0	60.0	epochs	0.04	1.0	135.0
64293.0	59.0	epochs	0.04	2.0	315.0
64383.0	60.0	epochs	0.04	1.0	180.0
64473.0	60.0	epochs	0.04	2.0	315.0
64564.0	59.0	epochs	0.04	2.0	90.0
64654.0	60.0	epochs	0.04	2.0	0.0
64744.0	60.0	epochs			
64834.0	60.0	epochs	0.04	2.0	135.0
64925.0	59.0	epochs	0.04	1.0	270.0
65015.0	60.0	epochs	0.04	1.0	225.0
65105.0	60.0	epochs	0.04	1.0	0.0
65196.0	59.0	epochs	0.04	2.0	225.0
65286.0	60.0	epochs	0.04	2.0	270.0
65376.0	60.0	epochs	0.04	2.0	180.0
65467.0	59.0	epochs	0.04	2.0	180.0
65557.0	60.0	epochs	0.04	1.0	90.0
65647.0	60.0	epochs	0.04	2.0	225.0
65738.0	59.0	epochs	0.04	1.0	90.0
65828.0	60.0	epochs	0.04	2.0	90.0
65918.0	60.0	epochs	0.04	2.0	270.0
66008.0	60.0	epochs	0.04	1.0	270.0
66099.0	59.0	epochs	0.04	1.0	315.0
66189.0	60.0	epochs	0.04	1.0	0.0
66279.0	60.0	epochs	0.04	1.0	135.0
66370.0	59.0	epochs	0.04	1.0	315.0
66460.0	60.0	epochs	0.04	2.0	0.0
66550.0	60.0	epochs			
66641.0	59.0	epochs	0.04	1.0	315.0
66731.0	60.0	epochs	0.04	1.0	225.0
66821.0	60.0	epochs	0.04	2.0	45.0
66911.0	60.0	epochs	0.04	1.0	180.0
67002.0	60.0	epochs	0.04	1.0	45.0
67092.0	60.0	epochs	0.04	2.0	135.0
67182.0	60.0	epochs	0.04	2.0	0.0
67273.0	59.0	epochs	0.04	2.0	45.0
67363.0	60.0	epochs	0.04	2.0	90.0
67453.0	60.0	epochs	0.04	2.0	90.0
67544.0	59.0	epochs	0.04	2.0	135.0
67634.0	60.0	epochs	0.04	2.0	270.0
67724.0	60.0	epochs	0.04	2.0	90.0
67815.0	59.0	epochs	0.04	2.0	315.0
67905.0	60.0	epochs	0.04	2.0	0.0
67995.0	60.0	epochs	0.04	2.0	315.0
68085.0	60.0	epochs	0.04	1.0	90.0
68176.0	59.0	epochs	0.04	2.0	315.0
68266.0	60.0	epochs	0.04	2.0	135.0
68356.0	60.0	epochs	0.04	1.0	270.0
68447.0	59.0	epochs	0.04	1.0	315.0
68537.0	60.0	epochs	0.04	1.0	315.0
68627.0	60.0	epochs	0.04	2.0	0.0
68718.0	59.0	epochs	0.04	1.0	315.0
68808.0	60.0	epochs	0.04	2.0	180.0
68898.0	60.0	epochs	0.04	1.0	270.0
68989.0	59.0	epochs	0.04	2.0	135.0
69079.0	60.0	epochs	0.04	2.0	180.0
69169.0	60.0	epochs			
69259.0	60.0	epochs	0.04	2.0	135.0
69350.0	59.0	epochs			
69440.0	60.0	epochs	0.04	2.0	45.0
69530.0	60.0	epochs	0.04	1.0	0.0
69621.0	59.0	epochs	0.04	2.0	180.0
69711.0	60.0	epochs	0.04	2.0	45.0
69801.0	60.0	epochs	0.04	2.0	180.0
69892.0	59.0	epochs	0.04	1.0	45.0
69982.0	60.0	epochs	0.04	2.0	45.0
70072.0	60.0	epochs	0.04	2.0	0.0
70162.0	60.0	epochs	0.04	1.0	45.0
70253.0	59.0	epochs	0.04	2.0	180.0
70343.0	60.0	epochs	0.04	2.0	225.0
70433.0	60.0	epochs	0.04	1.0	225.0
70524.0	59.0	epochs			
70614.0	60.0	epochs	0.04	2.0	45.0
70704.0	60.0	epochs	0.04	2.0	135.0
70795.0	59.0	epochs	0.04	2.0	225.0
70885.0	60.0	epochs	0.04	2.0	45.0
70975.0	60.0	epochs	0.04	2.0	90.0
71066.0	59.0	epochs	0.04	2.0	180.0
71156.0	60.0	epochs	0.04	2.0	225.0
71246.0	60.0	epochs	0.04	2.0	225.0
71336.0	60.0	epochs	0.04	1.0	45.0
71427.0	59.0	epochs	0.04	1.0	180.0
71517.0	60.0	epochs	0.04	1.0	315.0
71607.0	60.0	epochs	0.04	1.0	180.0
71698.0	59.0	epochs	0.04	1.0	270.0
71788.0	60.0	epochs	0.04	2.0	225.0
71878.0	60.0	epochs			
71969.0	59.0	epochs	0.04	2.0	270.0
72059.0	60.0	epochs	0.04	1.0	90.0
72149.0	60.0	epochs	0.04	2.0	0.0
72239.0	60.0	epochs	0.04	1.0	90.0
72330.0	60.0	epochs	0.04	2.0	90.0
72420.0	60.0	epochs	0.04	1.0	0.0
72510.0	60.0	epochs	0.04	1.0	0.0
72601.0	59.0	epochs	0.04	2.0	315.0
72691.0	60.0	epochs			
72781.0	60.0	epochs	0.04	2.0	270.0
72872.0	59.0	epochs	0.04	1.0	315.0
72962.0	60.0	epochs			
73052.0	60.0	epochs	0.04	2.0	135.0
73143.0	59.0	epochs	0.04	2.0	315.0
73233.0	60.0	epochs	0.04	2.0	45.0
73323.0	60.0	epochs	0.04	2.0	45.0
73413.0	60.0	epochs	0.04	2.0	0.0
73504.0	59.0	epochs	0.04	1.0	315.0
73594.0	60.0	epochs	0.04	1.0	135.0
73684.0	60.0	epochs	0.04	2.0	90.0
73775.0	59.0	epochs	0.04	1.0	135.0
73865.0	60.0	epochs	0.04	2.0	135.0
73955.0	60.0	epochs	0.04	1.0	0.0
74046.0	59.0	epochs	0.04	1.0	315.0
74136.0	60.0	epochs	0.04	2.0	180.0
74226.0	60.0	epochs	0.04	1.0	315.0
74317.0	59.0	epochs	0.04	1.0	90.0
74407.0	60.0	epochs	0.04	1.0	135.0
74497.0	60.0	epochs	0.04	2.0	225.0
74587.0	60.0	epochs	0.04	2.0	270.0
74678.0	59.0	epochs	0.04	2.0	315.0
74768.0	60.0	epochs	0.04	2.0	225.0
74858.0	60.0	epochs	0.04	2.0	315.0
74949.0	59.0	epochs	0.04	2.0	225.0
75039.0	60.0	epochs	0.04	1.0	180.0
75129.0	60.0	epochs	0.04	1.0	225.0
75220.0	59.0	epochs	0.04	1.0	0.0
75310.0	60.0	epochs	0.04	2.0	45.0
75400.0	60.0	epochs	0.04	2.0	225.0
75490.0	60.0	epochs	0.04	1.0	0.0
75581.0	59.0	epochs	0.04	2.0	315.0
75671.0	60.0	epochs	0.04	2.0	45.0
75761.0	60.0	epochs	0.04	2.0	270.0
75852.0	59.0	epochs	0.04	2.0	270.0
75942.0	60.0	epochs	0.04	1.0	180.0
76032.0	60.0	epochs	0.04	1.0	225.0
76123.0	59.0	epochs	0.04	2.0	90.0
76213.0	60.0	epochs	0.04	1.0	180.0
76303.0	60.0	epochs			
76394.0	59.0	epochs	0.04	1.0	135.0
76484.0	60.0	epochs	0.04	1.0	90.0
76574.0	60.0	epochs	0.04	1.0	225.0
76664.0	60.0	epochs	0.04	2.0	270.0
76755.0	59.0	epochs	0.04	1.0	180.0
76845.0	60.0	epochs	0.04	2.0	135.0
76935.0	60.0	epochs	0.04	2.0	0.0
77026.0	59.0	epochs	0.04	2.0	225.0
77116.0	60.0	epochs	0.04	2.0	45.0
77206.0	60.0	epochs	0.04	1.0	45.0
77297.0	59.0	epochs	0.04	2.0	90.0
77387.0	60.0	epochs	0.04	1.0	0.0
77477.0	60.0	epochs	0.04	1.0	225.0
77567.0	60.0	epochs	0.04	2.0	135.0
77658.0	59.0	epochs	0.04	2.0	225.0
77748.0	60.0	epochs			
77838.0	60.0	epochs	0.04	1.0	90.0
77929.0	59.0	epochs	0.04	1.0	0.0
78019.0	60.0	epochs	0.04	1.0	0.0
78109.0	60.0	epochs	0.04	1.0	0.0
78200.0	59.0	epochs	0.04	2.0	135.0
78290.0	60.0	epochs	0.04	2.0	270.0
78380.0	60.0	epochs	0.04	2.0	180.0
78471.0	59.0	epochs	0.04	2.0	90.0
78561.0	60.0	epochs	0.04	2.0	45.0
78651.0	60.0	epochs	0.04	2.0	270.0
78741.0	60.0	epochs	0.04	2.0	90.0
78832.0	59.0	epochs	0.04	2.0	270.0
78922.0	60.0	epochs			
79012.0	60.0	epochs	0.04	2.0	135.0
79103.0	59.0	epochs	0.04	2.0	180.0
79193.0	60.0	epochs	0.04	1.0	225.0
79283.0	60.0	epochs	0.04	1.0	135.0
79374.0	59.0	epochs	0.04	2.0	315.0
79464.0	60.0	epochs	0.04	1.0	45.0
79554.0	60.0	epochs	0.04	1.0	270.0
79644.0	60.0	epochs	0.04	1.0	0.0
79735.0	59.0	epochs	0.04	1.0	0.0
79825.0	60.0	epochs	0.04	1.0	225.0
79915.0	60.0	epochs	0.04	1.0	90.0
80006.0	59.0	epochs	0.04	1.0	270.0
80096.0	60.0	epochs	0.04	2.0	90.0
80186.0	60.0	epochs	0.04	2.0	0.0
80277.0	59.0	epochs			
80367.0	60.0	epochs	0.04	2.0	225.0
80457.0	60.0	epochs	0.04	2.0	135.0
80548.0	59.0	epochs	0.04	1.0	270.0
80638.0	60.0	epochs	0.04	1.0	0.0
80728.0	60.0	epochs	0.04	1.0	315.0
80818.0	60.0	epochs	0.04	2.0	180.0
80909.0	59.0	epochs	0.04	1.0	90.0
80999.0	60.0	epochs	0.04	1.0	90.0
81089.0	60.0	epochs	0.04	2.0	90.0
81180.0	59.0	epochs			
81270.0	60.0	epochs	0.04	2.0	225.0
81360.0	60.0	epochs	0.04	2.0	45.0
81451.0	59.0	epochs			
81541.0	60.0	epochs	0.04	2.0	135.0
81631.0	60.0	epochs			
81721.0	60.0	epochs	0.04	2.0	45.0
81812.0	59.0	epochs	0.04	1.0	270.0
81902.0	60.0	epochs	0.04	1.0	135.0
81992.0	60.0	epochs	0.04	1.0	90.0
82083.0	59.0	epochs	0.04	1.0	90.0
82173.0	60.0	epochs	0.04	2.0	135.0
82263.0	60.0	epochs	0.04	1.0	180.0
82354.0	59.0	epochs	0.04	1.0	270.0
82444.0	60.0	epochs	0.04	2.0	270.0
82534.0	60.0	epochs	0.04	2.0	180.0
82625.0	59.0	epochs	0.04	2.0	0.0
82715.0	60.0	epochs	0.04	1.0	180.0
82805.0	60.0	epochs			
82895.0	60.0	epochs	0.04	2.0	45.0
82986.0	59.0	epochs	0.04	1.0	45.0
83076.0	60.0	epochs	0.04	1.0	90.0
83166.0	60.0	epochs	0.04	2.0	180.0
83257.0	59.0	epochs	0.04	2.0	315.0
83347.0	60.0	epochs	0.04	2.0	0.0
83437.0	60.0	epochs			
83528.0	59.0	epochs	0.04	2.0	180.0
83618.0	60.0	epochs	0.04	2.0	45.0
83708.0	60.0	epochs	0.04	2.0	180.0
83798.0	60.0	epochs	0.04	2.0	90.0
83889.0	59.0	epochs			
83979.0	60.0	epochs	0.04	1.0	180.0
84069.0	60.0	epochs	0.04	2.0	135.0
84160.0	59.0	epochs	0.04	1.0	270.0
84250.0	60.0	epochs	0.04	1.0	0.0
84340.0	60.0	epochs	0.04	2.0	180.0
84431.0	59.0	epochs	0.04	1.0	0.0
84521.0	60.0	epochs	0.04	1.0	45.0
84611.0	60.0	epochs	0.04	2.0	0.0
84702.0	59.0	epochs	0.04	2.0	315.0
84792.0	60.0	epochs	0.04	1.0	90.0
84882.0	60.0	epochs	0.04	2.0	45.0
84972.0	60.0	epochs	0.04	1.0	45.0
85063.0	59.0	epochs	0.04	1.0	180.0
85153.0	60.0	epochs	0.04	1.0	45.0
85243.0	60.0	epochs	0.04	2.0	45.0
85334.0	59.0	epochs	0.04	1.0	270.0
85424.0	60.0	epochs	0.04	2.0	225.0
85514.0	60.0	epochs	0.04	1.0	270.0
85605.0	59.0	epochs	0.04	2.0	0.0
85695.0	60.0	epochs	0.04	1.0	90.0
85785.0	60.0	epochs	0.04	2.0	135.0
85875.0	60.0	epochs	0.04	2.0	270.0
85966.0	59.0	epochs	0.04	2.0	315.0
86056.0	60.0	epochs	0.04	2.0	225.0
86146.0	60.0	epochs	0.04	1.0	0.0
86237.0	59.0	epochs	0.04	2.0	315.0
86327.0	60.0	epochs	0.04	1.0	45.0
86417.0	60.0	epochs	0.04	1.0	0.0
86508.0	59.0	epochs	0.04	2.0	225.0
86598.0	60.0	epochs	0.04	2.0	135.0
86688.0	60.0	epochs	0.04	1.0	225.0
86779.0	59.0	epochs	0.04	1.0	45.0
86869.0	60.0	epochs	0.04	1.0	270.0
86959.0	60.0	epochs	0.04	2.0	0.0
87049.0	60.0	epochs	0.04	1.0	225.0
87140.0	59.0	epochs	0.04	2.0	90.0
87230.0	60.0	epochs	0.04	2.0	270.0
87320.0	60.0	epochs	0.04	2.0	225.0
87411.0	59.0	epochs	0.04	2.0	180.0
87501.0	60.0	epochs	0.04	2.0	225.0
87591.0	60.0	epochs	0.04	1.0	270.0
87682.0	59.0	epochs	0.04	1.0	180.0
87772.0	60.0	epochs	0.04	2.0	225.0
87862.0	60.0	epochs	0.04	1.0	45.0
87952.0	60.0	epochs	0.04	2.0	135.0
88043.0	59.0	epochs	0.04	2.0	315.0
88133.0	60.0	epochs	0.04	2.0	0.0
88223.0	60.0	epochs	0.04	2.0	135.0
88314.0	59.0	epochs	0.04	1.0	225.0
88404.0	60.0	epochs	0.04	1.0	45.0
88494.0	60.0	epochs	0.04	2.0	0.0
88585.0	59.0	epochs	0.04	1.0	270.0
88675.0	60.0	epochs	0.04	2.0	135.0
88765.0	60.0	epochs	0.04	1.0	315.0
88856.0	59.0	epochs	0.04	1.0	180.0
88946.0	60.0	epochs	0.04	1.0	135.0
89036.0	60.0	epochs	0.04	2.0	225.0
89126.0	60.0	epochs	0.04	1.0	315.0
89217.0	59.0	epochs	0.04	1.0	45.0
89307.0	60.0	epochs	0.04	1.0	90.0
89397.0	60.0	epochs	0.04	2.0	315.0
89488.0	59.0	epochs			
89578.0	60.0	epochs	0.04	1.0	45.0
89668.0	60.0	epochs	0.04	1.0	90.0
89759.0	59.0	epochs	0.04	2.0	270.0
89849.0	60.0	epochs	0.04	1.0	270.0
89939.0	60.0	epochs	0.04	2.0	270.0
90029.0	60.0	epochs	0.04	1.0	180.0
90120.0	59.0	epochs	0.04	2.0	270.0
90210.0	60.0	epochs	0.04	2.0	315.0
90300.0	60.0	epochs	0.04	2.0	45.0
90391.0	59.0	epochs	0.04	2.0	0.0
90481.0	60.0	epochs	0.04	2.0	225.0
90571.0	60.0	epochs	0.04	1.0	45.0
90662.0	59.0	epochs	0.04	2.0	135.0
90752.0	60.0	epochs	0.04	2.0	90.0
90842.0	60.0	epochs	0.04	1.0	135.0
90932.0	60.0	epochs	0.04	2.0	45.0
91023.0	60.0	epochs	0.04	1.0	0.0
91113.0	60.0	epochs	0.04	1.0	270.0
91203.0	60.0	epochs	0.04	1.0	135.0
91294.0	59.0	epochs	0.04	2.0	90.0
91384.0	60.0	epochs	0.04	2.0	315.0
91474.0	60.0	epochs	0.04	1.0	135.0
91565.0	59.0	epochs	0.04	1.0	225.0
91655.0	60.0	epochs	0.04	2.0	180.0
91745.0	60.0	epochs	0.04	2.0	135.0
91836.0	59.0	epochs	0.04	2.0	315.0
91926.0	60.0	epochs	0.04	2.0	45.0
92016.0	60.0	epochs	0.04	2.0	180.0
92106.0	60.0	epochs	0.04	1.0	315.0
92197.0	59.0	epochs	0.04	2.0	0.0
92287.0	60.0	epochs	0.04	1.0	225.0
92377.0	60.0	epochs			
92468.0	59.0	epochs	0.04	1.0	180.0
92558.0	60.0	epochs	0.04	1.0	90.0
92648.0	60.0	epochs	0.04	2.0	315.0
92739.0	59.0	epochs	0.04	1.0	135.0
92829.0	60.0	epochs			
92919.0	60.0	epochs	0.04	2.0	180.0
93009.0	60.0	epochs	0.04	2.0	270.0
93100.0	59.0	epochs	0.04	2.0	135.0
93190.0	60.0	epochs	0.04	2.0	0.0
93280.0	60.0	epochs	0.04	2.0	225.0
93371.0	59.0	epochs	0.04	1.0	0.0
93461.0	60.0	epochs	0.04	1.0	225.0
93551.0	60.0	epochs	0.04	2.0	225.0
93642.0	59.0	epochs			
93732.0	60.0	epochs	0.04	1.0	90.0
93822.0	60.0	epochs	0.04	1.0	45.0
93913.0	59.0	epochs	0.04	2.0	270.0
94003.0	60.0	epochs	0.04	2.0	225.0
94093.0	60.0	epochs	0.04	2.0	90.0
94183.0	60.0	epochs	0.04	1.0	135.0
94274.0	59.0	epochs	0.04	2.0	90.0
94364.0	60.0	epochs	0.04	2.0	90.0
94454.0	60.0	epochs	0.04	1.0	315.0
94545.0	59.0	epochs	0.04	2.0	135.0
94635.0	60.0	epochs	0.04	1.0	315.0
94725.0	60.0	epochs	0.04	2.0	90.0
94816.0	59.0	epochs	0.04	2.0	180.0
94906.0	60.0	epochs	0.04	2.0	90.0
94996.0	60.0	epochs	0.04	1.0	135.0
95086.0	60.0	epochs	0.04	2.0	90.0
95177.0	59.0	epochs	0.04	2.0	270.0
95267.0	60.0	epochs	0.04	2.0	90.0
95357.0	60.0	epochs	0.04	1.0	45.0
95448.0	59.0	epochs	0.04	1.0	45.0
95538.0	60.0	epochs			
95628.0	60.0	epochs	0.04	2.0	90.0
95719.0	59.0	epochs	0.04	1.0	225.0
95809.0	60.0	epochs	0.04	2.0	315.0
95899.0	60.0	epochs	0.04	2.0	270.0
95989.0	60.0	epochs	0.04	1.0	180.0
96080.0	59.0	epochs			
96170.0	60.0	epochs	0.04	2.0	90.0
96260.0	60.0	epochs	0.04	2.0	270.0
96351.0	59.0	epochs	0.04	2.0	315.0
96441.0	60.0	epochs	0.04	2.0	225.0
96531.0	60.0	epochs	0.04	1.0	180.0
96622.0	59.0	epochs	0.04	2.0	225.0
96712.0	60.0	epochs	0.04	1.0	180.0
96802.0	60.0	epochs	0.04	2.0	180.0
96893.0	59.0	epochs			
96983.0	60.0	epochs	0.04	2.0	45.0
97073.0	60.0	epochs	0.04	2.0	180.0
97163.0	60.0	epochs	0.04	2.0	90.0
97254.0	59.0	epochs	0.04	1.0	270.0
97344.0	60.0	epochs	0.04	2.0	315.0
97434.0	60.0	epochs	0.04	1.0	315.0
97525.0	59.0	epochs	0.04	1.0	45.0
97615.0	60.0	epochs	0.04	1.0	135.0
97705.0	60.0	epochs	0.04	1.0	225.0
97796.0	59.0	epochs	0.04	1.0	90.0
97886.0	60.0	epochs	0.04	2.0	225.0
97976.0	60.0	epochs	0.04	2.0	270.0
98066.0	60.0	epochs	0.04	1.0	90.0
98157.0	59.0	epochs	0.04	1.0	90.0
98247.0	60.0	epochs	0.04	2.0	135.0
98337.0	60.0	epochs	0.04	1.0	270.0
98428.0	59.0	epochs	0.04	1.0	270.0
98518.0	60.0	epochs	0.04	2.0	0.0
98608.0	60.0	epochs	0.04	2.0	90.0
98699.0	59.0	epochs	0.04	2.0	180.0
98789.0	60.0	epochs	0.04	2.0	180.0
98879.0	60.0	epochs	0.04	2.0	0.0
98969.0	60.0	epochs	0.04	2.0	225.0
99060.0	60.0	epochs	0.04	2.0	45.0
99150.0	60.0	epochs	0.04	1.0	135.0
99240.0	60.0	epochs	0.04	1.0	0.0
99331.0	59.0	epochs	0.04	1.0	180.0
99421.0	60.0	epochs	0.04	1.0	180.0
99511.0	60.0	epochs	0.04	1.0	225.0
99602.0	59.0	epochs			
99692.0	60.0	epochs	0.04	1.0	315.0
99782.0	60.0	epochs	0.04	1.0	225.0
99873.0	59.0	epochs	0.04	2.0	315.0
99963.0	60.0	epochs	0.04	1.0	315.0
100053.0	60.0	epochs	0.04	1.0	135.0
100143.0	60.0	epochs	0.04	1.0	90.0
100234.0	59.0	epochs	0.04	2.0	45.0
100324.0	60.0	epochs	0.04	2.0	45.0
100414.0	60.0	epochs	0.04	1.0	270.0
100505.0	59.0	epochs	0.04	1.0	45.0
100595.0	60.0	epochs	0.04	2.0	315.0
100685.0	60.0	epochs	0.04	2.0	180.0
100776.0	59.0	epochs	0.04	2.0	45.0
100866.0	60.0	epochs	0.04	1.0	0.0
100956.0	60.0	epochs	0.04	1.0	45.0
101046.0	60.0	epochs	0.04	2.0	90.0
101137.0	59.0	epochs	0.04	2.0	45.0
101227.0	60.0	epochs	0.04	1.0	180.0
101317.0	60.0	epochs	0.04	1.0	0.0
101408.0	59.0	epochs	0.04	2.0	135.0
101498.0	60.0	epochs	0.04	1.0	315.0
101588.0	60.0	epochs	0.04	1.0	180.0
101679.0	59.0	epochs	0.04	1.0	180.0
101769.0	60.0	epochs	0.04	2.0	45.0
101859.0	60.0	epochs	0.04	2.0	0.0
101950.0	59.0	epochs			
102040.0	60.0	epochs	0.04	1.0	180.0
102130.0	60.0	epochs	0.04	1.0	135.0
102220.0	60.0	epochs	0.04	1.0	270.0
102311.0	59.0	epochs	0.04	2.0	315.0
102401.0	60.0	epochs	0.04	1.0	225.0
102491.0	60.0	epochs	0.04	2.0	135.0
102582.0	59.0	epochs	0.04	2.0	315.0
102672.0	60.0	epochs	0.04	1.0	180.0
102762.0	60.0	epochs	0.04	1.0	45.0
102853.0	59.0	epochs	0.04	1.0	90.0
102943.0	60.0	epochs	0.04	2.0	315.0
103033.0	60.0	epochs	0.04	1.0	45.0
103123.0	60.0	epochs	0.04	1.0	180.0
103214.0	59.0	epochs	0.04	1.0	270.0
103304.0	60.0	epochs	0.04	1.0	135.0
103394.0	60.0	epochs			
103485.0	59.0	epochs	0.04	1.0	135.0
103575.0	60.0	epochs	0.04	1.0	0.0
103665.0	60.0	epochs	0.04	1.0	90.0
103756.0	59.0	epochs	0.04	1.0	90.0
103846.0	60.0	epochs	0.04	2.0	0.0
103936.0	60.0	epochs	0.04	1.0	225.0
104026.0	60.0	epochs	0.04	2.0	90.0
104117.0	59.0	epochs	0.04	1.0	135.0
104207.0	60.0	epochs			
104297.0	60.0	epochs	0.04	2.0	315.0
104388.0	59.0	epochs	0.04	1.0	270.0
104478.0	60.0	epochs	0.04	1.0	315.0
104568.0	60.0	epochs	0.04	1.0	90.0
104659.0	59.0	epochs	0.04	2.0	270.0
104749.0	60.0	epochs	0.04	2.0	315.0
104839.0	60.0	epochs	0.04	2.0	45.0
104929.0	60.0	epochs	0.04	2.0	225.0
105020.0	59.0	epochs	0.04	2.0	90.0
105110.0	60.0	epochs	0.04	1.0	0.0
105200.0	60.0	epochs			
105291.0	59.0	epochs	0.04	1.0	315.0
105381.0	60.0	epochs	0.04	2.0	180.0
105471.0	60.0	epochs	0.04	2.0	90.0
105562.0	59.0	epochs	0.04	2.0	225.0
105652.0	60.0	epochs			
105742.0	60.0	epochs	0.04	1.0	270.0
105833.0	59.0	epochs	0.04	2.0	225.0
105923.0	60.0	epochs	0.04	2.0	0.0
106013.0	60.0	epochs	0.04	2.0	225.0
106103.0	60.0	epochs	0.04	1.0	135.0
106194.0	59.0	epochs	0.04	1.0	315.0
106284.0	60.0	epochs	0.04	1.0	135.0
106374.0	60.0	epochs	0.04	2.0	180.0
106465.0	59.0	epochs	0.04	1.0	45.0
106555.0	60.0	epochs	0.04	1.0	225.0
106645.0	60.0	epochs	0.04	1.0	135.0
106736.0	59.0	epochs	0.04	1.0	225.0
106826.0	60.0	epochs	0.04	1.0	0.0
106916.0	60.0	epochs	0.04	2.0	180.0
107006.0	60.0	epochs	0.04	2.0	270.0
107097.0	59.0	epochs	0.04	1.0	45.0
107187.0	60.0	epochs	0.04	1.0	180.0
107277.0	60.0	epochs			
107368.0	59.0	epochs	0.04	2.0	315.0
107458.0	60.0	epochs	0.04	2.0	270.0
107548.0	60.0	epochs	0.04	1.0	0.0
107639.0	59.0	epochs	0.04	1.0	0.0
107729.0	60.0	epochs	0.04	2.0	135.0
107819.0	60.0	epochs	0.04	2.0	270.0
107909.0	60.0	epochs			
108000.0	59.0	epochs	0.04	1.0	270.0
108090.0	60.0	epochs	0.04	2.0	90.0
108180.0	60.0	epochs	0.04	2.0	90.0
108271.0	59.0	epochs	0.04	2.0	315.0
108361.0	60.0	epochs	0.04	2.0	225.0
108451.0	60.0	epochs	0.04	1.0	270.0
108542.0	59.0	epochs	0.04	1.0	0.0
108632.0	60.0	epochs			
108722.0	60.0	epochs	0.04	2.0	135.0
108813.0	59.0	epochs	0.04	2.0	270.0
108903.0	60.0	epochs	0.04	1.0	90.0
108993.0	60.0	epochs	0.04	1.0	135.0
109083.0	60.0	epochs	0.04	1.0	270.0
109174.0	59.0	epochs	0.04	2.0	270.0
109264.0	60.0	epochs	0.04	2.0	45.0
109354.0	60.0	epochs	0.04	1.0	315.0
